{
    "variants": {
        "active=false,facing=north": { "model": "mark13695:Anvil_II" },
        "active=false,facing=south": { "model": "mark13695:Anvil_II", "y": 180 },
        "active=false,facing=west":  { "model": "mark13695:Anvil_II", "y": 270 },
        "active=false,facing=east":  { "model": "mark13695:Anvil_II", "y": 90 },
		"active=true,facing=north": { "model": "mark13695:Anvil_II2" },
        "active=true,facing=south": { "model": "mark13695:Anvil_II2", "y": 180 },
        "active=true,facing=west":  { "model": "mark13695:Anvil_II2", "y": 270 },
        "active=true,facing=east":  { "model": "mark13695:Anvil_II2", "y": 90 }
    }
}
