{
    "variants": {
        "active=false,facing=north": { "model": "mark13695:WorkBench_I" },
        "active=false,facing=south": { "model": "mark13695:WorkBench_I", "y": 180 },
        "active=false,facing=west":  { "model": "mark13695:WorkBench_I", "y": 270 },
        "active=false,facing=east":  { "model": "mark13695:WorkBench_I", "y": 90 },
		"active=true,facing=north": { "model": "mark13695:WorkBench_I2" },
        "active=true,facing=south": { "model": "mark13695:WorkBench_I2", "y": 180 },
        "active=true,facing=west":  { "model": "mark13695:WorkBench_I2", "y": 270 },
        "active=true,facing=east":  { "model": "mark13695:WorkBench_I2", "y": 90 }
    }
}
